ID,Language,Category,Author,Title,Format,Primary_Source,Download_URL
1,French,"Adventure, Mystery & Sci-Fi",Alexandre Dumas,"Le comte de Monte-Cristo, Tome I",EPUB / MOBI,Ebooksgratuits / NosLivres,https://www.gutenberg.org/ebooks/17989
2,French,"Adventure, Mystery & Sci-Fi",Alexandre Dumas,Les trois mousquetaires,EPUB / MOBI,Ebooksgratuits / NosLivres,https://www.gutenberg.org/ebooks/13951
3,French,"Adventure, Mystery & Sci-Fi",Alexandre Dumas,Vingt ans après,EPUB / MOBI,Ebooksgratuits / NosLivres,https://www.gutenberg.org/ebooks/13952
4,French,"Adventure, Mystery & Sci-Fi",Alexandre Dumas,"Le vicomte de Bragelonne, Tome II.",EPUB / MOBI,Ebooksgratuits / NosLivres,https://www.gutenberg.org/ebooks/13948
5,French,"Adventure, Mystery & Sci-Fi",Alexandre Dumas,La reine Margot - Tome II,EPUB / MOBI,Ebooksgratuits / NosLivres,https://www.gutenberg.org/ebooks/13857
6,French,"Adventure, Mystery & Sci-Fi",Alexandre Dumas,La dame de Monsoreau — ­Tome 1.,EPUB / MOBI,Ebooksgratuits / NosLivres,https://www.gutenberg.org/ebooks/9637
7,French,"Adventure, Mystery & Sci-Fi",Alexandre Dumas,"Le Collier de la Reine, Tome I",EPUB / MOBI,Ebooksgratuits / NosLivres,https://www.gutenberg.org/ebooks/18199
8,French,"Adventure, Mystery & Sci-Fi",Maurice Leblanc,"Arsène Lupin, gentleman-cambrioleur",EPUB / MOBI,Ebooksgratuits / NosLivres,https://www.gutenberg.org/ebooks/32854
9,French,Regional Fiction,George Sand,La Mare au Diable,EPUB / MOBI,Ebooksgratuits / NosLivres,https://www.gutenberg.org/ebooks/23582
10,English,Mystery,Maurice Leblanc,813,EPUB / MOBI,Ebooksgratuits / NosLivres,https://www.gutenberg.org/ebooks/34758
11,French,Regional Fiction,George Sand,La petite Fadette,EPUB / MOBI,Ebooksgratuits / NosLivres,https://www.gutenberg.org/ebooks/34204
12,English,Gothic Fiction,Oscar Wilde,The Picture of Dorian Gray,EPUB / MOBI,Ebooksgratuits / NosLivres,https://www.gutenberg.org/ebooks/174
13,English,Comedy,Oscar Wilde,The Importance of Being Earnest: A Trivial Comedy for Serious People,EPUB / MOBI,Ebooksgratuits / NosLivres,https://www.gutenberg.org/ebooks/844
14,French,"Adventure, Mystery & Sci-Fi",Jules Verne,Vingt mille Lieues Sous Les Mers — Complete,EPUB / MOBI,Ebooksgratuits / NosLivres,https://www.gutenberg.org/ebooks/5097
15,French,"Adventure, Mystery & Sci-Fi",Jules Verne,Le tour du monde en quatre-vingts jours,EPUB / MOBI,Ebooksgratuits / NosLivres,https://www.gutenberg.org/ebooks/800
16,English,"Adventure, Mystery & Sci-Fi",Jules Verne,A Journey to the Centre of the Earth,EPUB / MOBI,Ebooksgratuits / NosLivres,https://www.gutenberg.org/ebooks/18857
17,English,Autobiography,Oscar Wilde,De Profundis,EPUB / MOBI,Ebooksgratuits / NosLivres,https://www.gutenberg.org/ebooks/921
18,French,"Adventure, Mystery & Sci-Fi",Jules Verne,"De la terre à la lune, trajet direct en 97 heures 20 minutes",EPUB / MOBI,Ebooksgratuits / NosLivres,https://www.gutenberg.org/ebooks/38674
19,French,"Adventure, Mystery & Sci-Fi",Jules Verne,Autour de la Lune,EPUB / MOBI,Ebooksgratuits / NosLivres,https://www.gutenberg.org/ebooks/4717
20,French,"Adventure, Mystery & Sci-Fi",Jules Verne,Michel Strogoff: De Moscou a Irkoutsk,EPUB / MOBI,Ebooksgratuits / NosLivres,https://www.gutenberg.org/ebooks/7442
21,English,"Adventure, Mystery & Sci-Fi",Jules Verne,"In Search of the Castaways; Or, The Children of Captain Grant",EPUB / MOBI,Ebooksgratuits / NosLivres,https://www.gutenberg.org/ebooks/2083
22,English,Modernist Literature,F. Scott Fitzgerald,The Great Gatsby,EPUB / MOBI,Ebooksgratuits / NosLivres,https://www.gutenberg.org/ebooks/64317
23,French,"Adventure, Mystery & Sci-Fi",Gaston Leroux,Le mystère de la chambre jaune,EPUB / MOBI,Ebooksgratuits / NosLivres,https://www.gutenberg.org/ebooks/13765
24,French,"Adventure, Mystery & Sci-Fi",Gaston Leroux,Le parfum de la dame en noir,EPUB / MOBI,Ebooksgratuits / NosLivres,https://www.gutenberg.org/ebooks/15554
25,English,Modernist Literature,F. Scott Fitzgerald,This Side of Paradise,EPUB / MOBI,Ebooksgratuits / NosLivres,https://www.gutenberg.org/ebooks/805
26,French,"Adventure, Mystery & Sci-Fi",Eugène Sue,"Les mystères de Paris, Tome I",EPUB / MOBI,Ebooksgratuits / NosLivres,https://www.gutenberg.org/ebooks/18921
27,French,"Adventure, Mystery & Sci-Fi",Eugène Sue,Le juif errant - Tome II,EPUB / MOBI,Ebooksgratuits / NosLivres,https://www.gutenberg.org/ebooks/15296
28,French,"Adventure, Mystery & Sci-Fi",comtesse de Sophie Ségur,François le Bossu,EPUB / MOBI,Ebooksgratuits / NosLivres,https://www.gutenberg.org/ebooks/13013
29,French,"Adventure, Mystery & Sci-Fi",Paul Féval,Maman Léo / Les Habits Noirs Tome V,EPUB / MOBI,Ebooksgratuits / NosLivres,https://www.gutenberg.org/ebooks/19919
30,French,"Adventure, Mystery & Sci-Fi",aîné J.-H. Rosny,La Guerre du Feu: Roman des âges farouches,EPUB / MOBI,Ebooksgratuits / NosLivres,https://www.gutenberg.org/ebooks/61274
31,English,Social Satire,Sinclair Lewis,Main Street,EPUB / MOBI,Ebooksgratuits / NosLivres,https://www.gutenberg.org/ebooks/543
32,English,Social Satire,Sinclair Lewis,Babbitt,EPUB / MOBI,Ebooksgratuits / NosLivres,https://www.gutenberg.org/ebooks/1156
33,English,Adventure,Mark Twain,Adventures of Huckleberry Finn,EPUB / MOBI,Ebooksgratuits / NosLivres,https://www.gutenberg.org/ebooks/76
34,English,Romanticism,George Sand,Indiana,EPUB / MOBI,Ebooksgratuits / NosLivres,https://www.gutenberg.org/ebooks/63445
35,French,Decadence,J. Barbey d'Aurevilly,Les diaboliques,EPUB / MOBI,Ebooksgratuits / NosLivres,https://www.gutenberg.org/ebooks/13848
36,English,"Realism, Naturalism & Social Drama",Victor Hugo,Les Misérables,EPUB / MOBI,Ebooksgratuits / NosLivres,https://www.gutenberg.org/ebooks/135
37,French,"Realism, Naturalism & Social Drama",Victor Hugo,Notre-Dame de Paris,EPUB / MOBI,Ebooksgratuits / NosLivres,https://www.gutenberg.org/ebooks/19657
38,French,"Realism, Naturalism & Social Drama",Victor Hugo,Quatrevingt-Treize,EPUB / MOBI,Ebooksgratuits / NosLivres,https://www.gutenberg.org/ebooks/9645
39,French,"Realism, Naturalism & Social Drama",Victor Hugo,L'homme Qui Rit,EPUB / MOBI,Ebooksgratuits / NosLivres,https://www.gutenberg.org/ebooks/5423
40,English,Naturalist Novel,Edmond de Goncourt,Germinie Lacerteux,EPUB / MOBI,Ebooksgratuits / NosLivres,https://www.gutenberg.org/ebooks/27711
41,French,"Realism, Naturalism & Social Drama",Victor Hugo,Le Dernier Jour d'un Condamné,EPUB / MOBI,Ebooksgratuits / NosLivres,https://www.gutenberg.org/ebooks/6838
42,English,"Realism, Naturalism & Social Drama",Gustave Flaubert,Madame Bovary,EPUB / MOBI,Ebooksgratuits / NosLivres,https://www.gutenberg.org/ebooks/2413
43,English,Adventure,Mark Twain,"The Adventures of Tom Sawyer, Complete",EPUB / MOBI,Ebooksgratuits / NosLivres,https://www.gutenberg.org/ebooks/74
44,English,"Realism, Naturalism & Social Drama",Gustave Flaubert,Salammbo,EPUB / MOBI,Ebooksgratuits / NosLivres,https://www.gutenberg.org/ebooks/1290
45,English,Satire,Mark Twain,A Connecticut Yankee in King Arthur's Court,EPUB / MOBI,Ebooksgratuits / NosLivres,https://www.gutenberg.org/ebooks/86
46,English,"Realism, Naturalism & Social Drama",Émile Zola,Germinal,EPUB / MOBI,Ebooksgratuits / NosLivres,https://www.gutenberg.org/ebooks/56528
47,English,Historical Fiction,Nathaniel Hawthorne,The Scarlet Letter,EPUB / MOBI,Ebooksgratuits / NosLivres,https://www.gutenberg.org/ebooks/25344
48,English,"Realism, Naturalism & Social Drama",Émile Zola,L'Assommoir,EPUB / MOBI,Ebooksgratuits / NosLivres,https://www.gutenberg.org/ebooks/8600
49,French,Mystery,Gaston Leroux,Le fauteuil hanté,EPUB / MOBI,Ebooksgratuits / NosLivres,https://www.gutenberg.org/ebooks/19035
50,French,"Realism, Naturalism & Social Drama",Émile Zola,Nana,EPUB / MOBI,Ebooksgratuits / NosLivres,https://www.gutenberg.org/ebooks/5250
51,English,Philosophical Fiction,Voltaire,Micromegas,EPUB / MOBI,Ebooksgratuits / NosLivres,https://www.gutenberg.org/ebooks/30123
52,English,"Realism, Naturalism & Social Drama",Émile Zola,Theresa Raquin,EPUB / MOBI,Ebooksgratuits / NosLivres,https://www.gutenberg.org/ebooks/6626
53,French,"Realism, Naturalism & Social Drama",Émile Zola,L'Œuvre,EPUB / MOBI,Ebooksgratuits / NosLivres,https://www.gutenberg.org/ebooks/17517
54,English,Gothic Romance,Nathaniel Hawthorne,The House of the Seven Gables,EPUB / MOBI,Ebooksgratuits / NosLivres,https://www.gutenberg.org/ebooks/77
55,French,Symbolist Romance,Alain-Fournier,Le Grand Meaulnes,EPUB / MOBI,Ebooksgratuits / NosLivres,https://www.gutenberg.org/ebooks/5781
56,English,"Realism, Naturalism & Social Drama",Honoré de Balzac,Eugenie Grandet,EPUB / MOBI,Ebooksgratuits / NosLivres,https://www.gutenberg.org/ebooks/1715
57,English,"Realism, Naturalism & Social Drama",Honoré de Balzac,Lost Illusions,EPUB / MOBI,Ebooksgratuits / NosLivres,https://www.gutenberg.org/ebooks/13159
58,French,WWI Literature,Henri Barbusse,Le feu (Journal d'une Escouade),EPUB / MOBI,Ebooksgratuits / NosLivres,https://www.gutenberg.org/ebooks/48212
59,French,Historical Realism,Anatole France,Les Dieux ont soif,EPUB / MOBI,Ebooksgratuits / NosLivres,https://www.gutenberg.org/ebooks/36477
60,English,Satire,Jonathan Swift,Gulliver's Travels into Several Remote Regions of the World,EPUB / MOBI,Ebooksgratuits / NosLivres,https://www.gutenberg.org/ebooks/17157
61,English,Realism,Anatole France,The Crime of Sylvestre Bonnard,EPUB / MOBI,Ebooksgratuits / NosLivres,https://www.gutenberg.org/ebooks/2123
62,English,Comic Novel,Laurence Sterne,"The life and opinions of Tristram Shandy, gentleman",EPUB / MOBI,Ebooksgratuits / NosLivres,https://www.gutenberg.org/ebooks/1079
63,English,"Realism, Naturalism & Social Drama",Guy de Maupassant,"The works of Guy de Maupassant, Vol. 5 / Une Vie and Other Stories",EPUB / MOBI,Ebooksgratuits / NosLivres,https://www.gutenberg.org/ebooks/21655
64,English,"Realism, Naturalism & Social Drama",Guy de Maupassant,Pierre and Jean,EPUB / MOBI,Ebooksgratuits / NosLivres,https://www.gutenberg.org/ebooks/3804
65,English,Modernist Fiction,Joseph Conrad,Heart of Darkness,EPUB / MOBI,Ebooksgratuits / NosLivres,https://www.gutenberg.org/ebooks/219
66,English,"Realism, Naturalism & Social Drama",Guy de Maupassant,"The Works of Guy de Maupassant, Vol. 1 / Boule de Suif and Other Stories",EPUB / MOBI,Ebooksgratuits / NosLivres,https://www.gutenberg.org/ebooks/21327
67,English,Historical Novel,Anatole France,Thais,EPUB / MOBI,Ebooksgratuits / NosLivres,https://www.gutenberg.org/ebooks/2078
68,English,"Realism, Naturalism & Social Drama",Stendhal,The Chartreuse of Parma / Translated from the French of Stendhal (Henri Beyle),EPUB / MOBI,Ebooksgratuits / NosLivres,https://www.gutenberg.org/ebooks/57638
69,English,"Realism, Naturalism & Social Drama",Prosper Mérimée,Carmen,EPUB / MOBI,Ebooksgratuits / NosLivres,https://www.gutenberg.org/ebooks/2465
70,English,"Realism, Naturalism & Social Drama",Prosper Mérimée,Colomba,EPUB / MOBI,Ebooksgratuits / NosLivres,https://www.gutenberg.org/ebooks/2708
71,English,"Realism, Naturalism & Social Drama",Oscar Wilde,The Ballad of Reading Gaol,EPUB / MOBI,Ebooksgratuits / NosLivres,https://www.gutenberg.org/ebooks/23582
72,English,"Realism, Naturalism & Social Drama",Anonymous,HomeBrew HomePages Put YOU on the World Wide Web,EPUB / MOBI,Ebooksgratuits / NosLivres,https://www.gutenberg.org/ebooks/34204
73,English,Gothic Fiction,Thomas Jefferson,United States Declaration of Independence,EPUB / MOBI,Ebooksgratuits / NosLivres,https://www.gutenberg.org/ebooks/174
74,English,"Realism, Naturalism & Social Drama",A. B. Paterson,"Rio Grande's Last Race, and Other Verses",EPUB / MOBI,Ebooksgratuits / NosLivres,https://www.gutenberg.org/ebooks/63445
75,French,"Realism, Naturalism & Social Drama",Alphonse Daudet,Lettres de mon moulin,EPUB / MOBI,Ebooksgratuits / NosLivres,https://www.gutenberg.org/ebooks/36780
76,English,Political Thriller,Joseph Conrad,The Secret Agent: A Simple Tale,EPUB / MOBI,Ebooksgratuits / NosLivres,https://www.gutenberg.org/ebooks/974
77,English,Comedy,Robert W. Service,Rhymes of a Rolling Stone,EPUB / MOBI,Ebooksgratuits / NosLivres,https://www.gutenberg.org/ebooks/844
78,English,Modernist Literature,Virginia Woolf,Mrs. Dalloway,EPUB / MOBI,Ebooksgratuits / NosLivres,https://www.gutenberg.org/ebooks/71865
79,English,"Realism, Naturalism & Social Drama",Edith Wharton,The Early Short Fiction of Edith Wharton — Part 2,EPUB / MOBI,Ebooksgratuits / NosLivres,https://www.gutenberg.org/ebooks/13848
80,English,"Realism, Naturalism & Social Drama",Michael Husted,The Fibonacci Number Series,EPUB / MOBI,Ebooksgratuits / NosLivres,https://www.gutenberg.org/ebooks/27711
81,French,"Philosophy, Satire & Drama",Voltaire,"Candide, ou l'optimisme",EPUB / MOBI,Ebooksgratuits / NosLivres,https://www.gutenberg.org/ebooks/4650
82,English,"Philosophy, Satire & Drama",A. B. Paterson,"Three Elephant Power, and Other Stories",EPUB / MOBI,Ebooksgratuits / NosLivres,https://www.gutenberg.org/ebooks/4650
83,English,Short Stories,James Joyce,Dubliners,EPUB / MOBI,Ebooksgratuits / NosLivres,https://www.gutenberg.org/ebooks/2814
84,English,"Philosophy, Satire & Drama",Jerome K. Jerome,Three men in a boat (to say nothing of the dog),EPUB / MOBI,Ebooksgratuits / NosLivres,https://www.gutenberg.org/ebooks/30123
85,English,Regional Fiction,Pierre Loti,Ramuntcho,EPUB / MOBI,Ebooksgratuits / NosLivres,https://www.gutenberg.org/ebooks/9616
86,French,"Philosophy, Satire & Drama",Denis Diderot,La religieuse,EPUB / MOBI,Ebooksgratuits / NosLivres,https://www.gutenberg.org/ebooks/28827
87,French,"Philosophy, Satire & Drama",Denis Diderot,Le neveu de Rameau,EPUB / MOBI,Ebooksgratuits / NosLivres,https://www.gutenberg.org/ebooks/13862
88,French,"Philosophy, Satire & Drama",Choderlos de Laclos,Les liaisons dangereuses / Lettres recueillies dans une Société et publiées pour l'instruction de quelques autres,EPUB / MOBI,Ebooksgratuits / NosLivres,https://www.gutenberg.org/ebooks/52006
89,English,"Philosophy, Satire & Drama",abbé Prévost,Manon Lescaut,EPUB / MOBI,Ebooksgratuits / NosLivres,https://www.gutenberg.org/ebooks/468
90,English,"Philosophy, Satire & Drama",Madame de La Fayette,The Princess of Cleves,EPUB / MOBI,Ebooksgratuits / NosLivres,https://www.gutenberg.org/ebooks/467
91,French,"Philosophy, Satire & Drama",Jean-Jacques Rousseau,Les Rêveries du Promeneur Solitaire / Ouvrage faisant suite aux Confessions,EPUB / MOBI,Ebooksgratuits / NosLivres,https://www.gutenberg.org/ebooks/65434
92,English,Modernist Literature,James Joyce,A Portrait of the Artist as a Young Man,EPUB / MOBI,Ebooksgratuits / NosLivres,https://www.gutenberg.org/ebooks/4217
93,English,Exotic Travel Fiction,Pierre Loti,Madame Chrysantheme — Complete,EPUB / MOBI,Ebooksgratuits / NosLivres,https://www.gutenberg.org/ebooks/3995
94,French,"Philosophy, Satire & Drama",baron de Charles de Secondat Montesquieu,"Lettres persanes, tome I",EPUB / MOBI,Ebooksgratuits / NosLivres,https://www.gutenberg.org/ebooks/30268
95,French,"Philosophy, Satire & Drama",baron de Charles de Secondat Montesquieu,"Esprit des lois / livres I à V, précédés d'une introduction de l'éditeur",EPUB / MOBI,Ebooksgratuits / NosLivres,https://www.gutenberg.org/ebooks/27573
96,French,"Philosophy, Satire & Drama",René Descartes,Discours de la méthode,EPUB / MOBI,Ebooksgratuits / NosLivres,https://www.gutenberg.org/ebooks/13846
97,English,Children's Fantasy,Lewis Carroll,Alice's Adventures in Wonderland,EPUB / MOBI,Ebooksgratuits / NosLivres,https://www.gutenberg.org/ebooks/11
98,French,"Philosophy, Satire & Drama",Michel de Montaigne,Essais de Montaigne (self-édition) - Volume I,EPUB / MOBI,Ebooksgratuits / NosLivres,https://www.gutenberg.org/ebooks/48529
99,English,"Philosophy, Satire & Drama",François Rabelais,Gargantua and Pantagruel,EPUB / MOBI,Ebooksgratuits / NosLivres,https://www.gutenberg.org/ebooks/1200
100,English,"Philosophy, Satire & Drama",Edith Wharton,Bunner Sisters,EPUB / MOBI,Ebooksgratuits / NosLivres,https://www.gutenberg.org/ebooks/1200
101,English,Roman-fleuve,Romain Rolland,Jean-Christophe Journey's End,EPUB / MOBI,Ebooksgratuits / NosLivres,https://www.gutenberg.org/ebooks/7967
102,French,Avant-garde Theater,Alfred Jarry,"Ubu Roi, ou, les Polonais",EPUB / MOBI,Ebooksgratuits / NosLivres,https://www.gutenberg.org/ebooks/16884
103,French,20th Century Drama,Raymond Radiguet,Le Diable au Corps: Roman,EPUB / MOBI,Ebooksgratuits / NosLivres,https://www.gutenberg.org/ebooks/60383
104,English,"Philosophy, Satire & Drama",Bernardin de Saint-Pierre,Paul and Virginia,EPUB / MOBI,Ebooksgratuits / NosLivres,https://www.gutenberg.org/ebooks/2127
105,French,"Philosophy, Satire & Drama",Xavier de Maistre,Voyage autour de ma chambre,EPUB / MOBI,Ebooksgratuits / NosLivres,https://www.gutenberg.org/ebooks/40248
106,English,Urban Realism,Charles-Louis Philippe,Bübü vom Montparnasse / Ein Roman mit zwanzig Holzschnitten von Frans Masereel,EPUB / MOBI,Ebooksgratuits / NosLivres,https://www.gutenberg.org/ebooks/47710
107,French,Modernist Poetry,Guillaume Apollinaire,Alcools,EPUB / MOBI,Ebooksgratuits / NosLivres,https://www.gutenberg.org/ebooks/15462
108,English,Children's Fantasy,Lewis Carroll,Through the Looking-Glass,EPUB / MOBI,Ebooksgratuits / NosLivres,https://www.gutenberg.org/ebooks/12
109,English,Drama,Bernard Shaw,Pygmalion,EPUB / MOBI,Ebooksgratuits / NosLivres,https://www.gutenberg.org/ebooks/3825
110,French,"Philosophy, Satire & Drama",Molière,L'Avare,EPUB / MOBI,Ebooksgratuits / NosLivres,https://www.gutenberg.org/ebooks/6318
111,English,Drama,Bernard Shaw,Arms and the Man,EPUB / MOBI,Ebooksgratuits / NosLivres,https://www.gutenberg.org/ebooks/3618
112,English,Heroic Comedy,Edmond Rostand,Cyrano de Bergerac,EPUB / MOBI,Ebooksgratuits / NosLivres,https://www.gutenberg.org/ebooks/1254
113,French,Realist Fiction,Jules Renard,Poil de Carotte,EPUB / MOBI,Ebooksgratuits / NosLivres,https://www.gutenberg.org/ebooks/4559
114,French,Social Satire,Octave Mirbeau,Le Journal d'une Femme de Chambre,EPUB / MOBI,Ebooksgratuits / NosLivres,https://www.gutenberg.org/ebooks/16820
115,French,Decadent Literature,Octave Mirbeau,Le jardin des supplices,EPUB / MOBI,Ebooksgratuits / NosLivres,https://www.gutenberg.org/ebooks/57775
116,English,Sci-Fi / Symbolism,Felix Fontaine,"The Golden Wheel Dream-book and Fortune-teller / Being the most complete work on fortune-telling and interpreting dreams ever printed, containing an alphabetical list of dreams, with their interpretation, and the lucky numbers they signify. Also explaining how to tell fortunes by the mysterious golden wheel, with cards, dice, and dominoes. How to tell future events by the lines of the hands, by moles on the body, by the face, nails of the fingers, hair and shape of the head. How to find where to dig for water, coal, and all kinds of metals, by means of the celebrated divining or luck rod. How to tell the temper and disposition of anybody, how to tell fortunes with tea leaves and coffee grounds, signs of the Moon's age, lucky and unlucky days, together with charms to make your sweetheart love you, and to make a lover pop the question, with twenty ways of telling fortunes on New Year's eve, and a complete language and signification of the flowers.",EPUB / MOBI,Ebooksgratuits / NosLivres,https://www.gutenberg.org/ebooks/60045
117,French,Symbolist Tales,comte de Auguste Villiers de L'Isle-Adam,Contes cruels,EPUB / MOBI,Ebooksgratuits / NosLivres,https://www.gutenberg.org/ebooks/62874
118,French,Swashbuckler Romance,Théophile Gautier,Le capitaine Fracasse,EPUB / MOBI,Ebooksgratuits / NosLivres,https://www.gutenberg.org/ebooks/60746
119,French,Romanticism,Gérard de Nerval,Le rêve et la vie - Les filles du feu - La bohème galante,EPUB / MOBI,Ebooksgratuits / NosLivres,https://www.gutenberg.org/ebooks/55554
120,English,"Philosophy, Satire & Drama",Pierre Augustin Caron de Beaumarchais,"The Follies of a Day; or, The Marriage of Figaro / A comedy, as it is now performing at the Theatre-Royal, Covent-Garden. From the French of M. de Beaumarchais",EPUB / MOBI,Ebooksgratuits / NosLivres,https://www.gutenberg.org/ebooks/64953
121,English,Tragedy,William Shakespeare,Hamlet,EPUB / MOBI,Ebooksgratuits / NosLivres,https://www.gutenberg.org/ebooks/27761
122,French,Prose Poetry,Aloysius Bertrand,Gaspard de la nuit: Fantaisies à la manière de Rembrandt et de Callot,EPUB / MOBI,Ebooksgratuits / NosLivres,https://www.gutenberg.org/ebooks/17708
123,French,Surrealist Poetry,comte de Lautréamont,Les Chants de Maldoror,EPUB / MOBI,Ebooksgratuits / NosLivres,https://www.gutenberg.org/ebooks/12005
124,English,Autobiography,Edwin Arlington Robinson,Children of the Night,EPUB / MOBI,Ebooksgratuits / NosLivres,https://www.gutenberg.org/ebooks/921
125,English,Philosophical Fiction,Jack London,Before Adam,EPUB / MOBI,Ebooksgratuits / NosLivres,https://www.gutenberg.org/ebooks/28827
126,French,"Poetry, Gothic & Early 20th Century",Charles Baudelaire,Les Fleurs du Mal,EPUB / MOBI,Ebooksgratuits / NosLivres,https://www.gutenberg.org/ebooks/6099
127,English,Tragedy,William Shakespeare,Romeo and Juliet,EPUB / MOBI,Ebooksgratuits / NosLivres,https://www.gutenberg.org/ebooks/1513
128,English,Tragedy,William Shakespeare,Othello,EPUB / MOBI,Ebooksgratuits / NosLivres,https://www.gutenberg.org/ebooks/1531
129,French,"Poetry, Gothic & Early 20th Century",Arthur Rimbaud,Une saison en enfer,EPUB / MOBI,Ebooksgratuits / NosLivres,https://www.gutenberg.org/ebooks/56668
130,French,Symbolist Poetry,Paul Verlaine,"Œuvres complètes - Volume 1 / Poèmes Saturniens, Fêtes Galantes, Bonne chanson, Romances sans paroles, Sagesse, Jadis et naguère",EPUB / MOBI,Ebooksgratuits / NosLivres,https://www.gutenberg.org/ebooks/15112
131,English,Symbolist Poetry,Stephen Vincent Benét,Young Adventure: A Book of Poems,EPUB / MOBI,Ebooksgratuits / NosLivres,https://www.gutenberg.org/ebooks/35444
132,English,Philosophical Satire,Emile Gaboriau,The Count's Millions,EPUB / MOBI,Ebooksgratuits / NosLivres,https://www.gutenberg.org/ebooks/13862
133,English,Epistolary Novel,Joseph Rodman Drake,"The Culprit Fay, and Other Poems",EPUB / MOBI,Ebooksgratuits / NosLivres,https://www.gutenberg.org/ebooks/52006
134,English,Comedy,William Shakespeare,The Tempest,EPUB / MOBI,Ebooksgratuits / NosLivres,https://www.gutenberg.org/ebooks/2235
135,English,Classic Novel,Robert W. Service,Rhymes of a Red Cross Man,EPUB / MOBI,Ebooksgratuits / NosLivres,https://www.gutenberg.org/ebooks/468
136,English,Classic Novel,J. Frank Dobie,"Guide to Life and Literature of the Southwest, with a Few Observations",EPUB / MOBI,Ebooksgratuits / NosLivres,https://www.gutenberg.org/ebooks/467
137,English,Autobiographical Prose,L. M. Montgomery,The Golden Road,EPUB / MOBI,Ebooksgratuits / NosLivres,https://www.gutenberg.org/ebooks/65434
138,English,Epistolary Satire,Jack London,John Barleycorn,EPUB / MOBI,Ebooksgratuits / NosLivres,https://www.gutenberg.org/ebooks/30268
139,English,Political Philosophy,Anonymous,Vida De Lazarillo De Tormes Y De Sus Fortunas Y Adversidades,EPUB / MOBI,Ebooksgratuits / NosLivres,https://www.gutenberg.org/ebooks/27573
140,English,Renaissance Essays,Eliot Gregory,The Ways of Men,EPUB / MOBI,Ebooksgratuits / NosLivres,https://www.gutenberg.org/ebooks/48529
141,English,Epic Poetry,John Milton,Paradise Lost,EPUB / MOBI,Ebooksgratuits / NosLivres,https://www.gutenberg.org/ebooks/20
142,English,Romantic Novel,Jr. John Fox,A Knight of the Cumberland,EPUB / MOBI,Ebooksgratuits / NosLivres,https://www.gutenberg.org/ebooks/2127
143,English,"Poetry, Gothic & Early 20th Century",Frank Norris,Moran of the Lady Letty,EPUB / MOBI,Ebooksgratuits / NosLivres,https://www.gutenberg.org/ebooks/15097
144,English,Philosophical Prose,Richard Harding Davis,The Princess Aline,EPUB / MOBI,Ebooksgratuits / NosLivres,https://www.gutenberg.org/ebooks/40248
145,English,Middle English Poetry,Geoffrey Chaucer,"Chaucer's Works, Volume 4 — The Canterbury Tales",EPUB / MOBI,Ebooksgratuits / NosLivres,https://www.gutenberg.org/ebooks/22120
146,English,Classic Comedy,George MacDonald,Phantastes: A Faerie Romance for Men and Women,EPUB / MOBI,Ebooksgratuits / NosLivres,https://www.gutenberg.org/ebooks/6318
147,English,Classic Comedy,Edgar A. Guest,A Heap o' Livin',EPUB / MOBI,Ebooksgratuits / NosLivres,https://www.gutenberg.org/ebooks/64953
148,English,Heroic Comedy,John Muir,Steep Trails,EPUB / MOBI,Ebooksgratuits / NosLivres,https://www.gutenberg.org/ebooks/1254
149,English,Symbolist Poetry,Robert Louis Stevenson,St. Ives: Being the Adventures of a French Prisoner in England,EPUB / MOBI,Ebooksgratuits / NosLivres,https://www.gutenberg.org/ebooks/56668
150,English,Modernist Poetry,Rudyard Kipling,Verses 1889-1896,EPUB / MOBI,Ebooksgratuits / NosLivres,https://www.gutenberg.org/ebooks/15462
151,English,Symbolist Tales,Robert Louis Stevenson,Island Nights' Entertainments,EPUB / MOBI,Ebooksgratuits / NosLivres,https://www.gutenberg.org/ebooks/62874
152,English,Prose Poetry,Mary Roberts Rinehart,Where There's a Will,EPUB / MOBI,Ebooksgratuits / NosLivres,https://www.gutenberg.org/ebooks/17708
153,English,Social Satire,Thomas Nelson Page,The Burial of the Guns,EPUB / MOBI,Ebooksgratuits / NosLivres,https://www.gutenberg.org/ebooks/16820
154,English,Symbolist Novel,Richard Harding Davis,Episodes in Van Bibber's Life,EPUB / MOBI,Ebooksgratuits / NosLivres,https://www.gutenberg.org/ebooks/5781
155,French,"Poetry, Gothic & Early 20th Century",Louis Pergaud,La Guerre des Boutons: Roman de ma douzième année,EPUB / MOBI,Ebooksgratuits / NosLivres,https://www.gutenberg.org/ebooks/56646
156,English,Prehistoric Adventure,Charles A. Eastman,Indian Heroes and Great Chieftains,EPUB / MOBI,Ebooksgratuits / NosLivres,https://www.gutenberg.org/ebooks/61274
157,English,Historical Realism,Sir Walter Alexander Raleigh,Robert Louis Stevenson,EPUB / MOBI,Ebooksgratuits / NosLivres,https://www.gutenberg.org/ebooks/36477
158,English,Modernist Literature,Rebecca Harding Davis,Frances Waldeaux: A Novel,EPUB / MOBI,Ebooksgratuits / NosLivres,https://www.gutenberg.org/ebooks/64317
159,English,Avant-garde Drama,Zitkala-Sa,Old Indian Legends,EPUB / MOBI,Ebooksgratuits / NosLivres,https://www.gutenberg.org/ebooks/16884
160,English,20th Century Drama,Charles A. Eastman,Indian Boyhood,EPUB / MOBI,Ebooksgratuits / NosLivres,https://www.gutenberg.org/ebooks/60383
161,English,Urban Realism,Charles A. Eastman,Old Indian Days,EPUB / MOBI,Ebooksgratuits / NosLivres,https://www.gutenberg.org/ebooks/47710
162,French,20th Century Literature,André Gide,L'immoraliste,EPUB / MOBI,Ebooksgratuits / NosLivres,https://www.gutenberg.org/ebooks/73058
163,English,Stoic Philosophy,Emperor of Rome Marcus Aurelius,Meditations,EPUB / MOBI,Ebooksgratuits / NosLivres,https://www.gutenberg.org/ebooks/2680
164,English,Detective,Arthur Conan Doyle,The Adventures of Sherlock Holmes,EPUB / MOBI,Ebooksgratuits / NosLivres,https://www.gutenberg.org/ebooks/1661
165,English,Detective,Arthur Conan Doyle,The Memoirs of Sherlock Holmes,EPUB / MOBI,Ebooksgratuits / NosLivres,https://www.gutenberg.org/ebooks/834
166,English,Detective,Arthur Conan Doyle,The Return of Sherlock Holmes,EPUB / MOBI,Ebooksgratuits / NosLivres,https://www.gutenberg.org/ebooks/108
167,English,Detective,Arthur Conan Doyle,The Hound of the Baskervilles,EPUB / MOBI,Ebooksgratuits / NosLivres,https://www.gutenberg.org/ebooks/2852
168,English,Detective,Arthur Conan Doyle,A Study in Scarlet,EPUB / MOBI,Ebooksgratuits / NosLivres,https://www.gutenberg.org/ebooks/244
169,English,Detective,Arthur Conan Doyle,The Sign of the Four,EPUB / MOBI,Ebooksgratuits / NosLivres,https://www.gutenberg.org/ebooks/2097
170,English,"Poetry, Gothic & Early 20th Century",Edgar Rice Burroughs,The Mucker,EPUB / MOBI,Ebooksgratuits / NosLivres,https://www.gutenberg.org/ebooks/62874
171,English,Historical Adventure,Charles A. Eastman,The Soul of the Indian: An Interpretation,EPUB / MOBI,Ebooksgratuits / NosLivres,https://www.gutenberg.org/ebooks/17989
172,English,Swashbuckler,Robert Louis Stevenson,Fables,EPUB / MOBI,Ebooksgratuits / NosLivres,https://www.gutenberg.org/ebooks/13951
173,English,Swashbuckler,Marie L. McLaughlin,Myths and Legends of the Sioux,EPUB / MOBI,Ebooksgratuits / NosLivres,https://www.gutenberg.org/ebooks/13952
174,English,Swashbuckler,J. M. Barrie,Margaret Ogilvy,EPUB / MOBI,Ebooksgratuits / NosLivres,https://www.gutenberg.org/ebooks/13948
175,English,Historical Intrigue,Robert Louis Stevenson,"The Merry Men, and Other Tales and Fables",EPUB / MOBI,Ebooksgratuits / NosLivres,https://www.gutenberg.org/ebooks/13857
176,English,"Poetry, Gothic & Early 20th Century",Unknown,The Saga of Grettir the Strong: Grettir's Saga,EPUB / MOBI,Ebooksgratuits / NosLivres,https://www.gutenberg.org/ebooks/73058
177,English,Historical Intrigue,Willa Cather,"The Troll Garden, and Selected Stories",EPUB / MOBI,Ebooksgratuits / NosLivres,https://www.gutenberg.org/ebooks/9637
178,English,Stoic Philosophy,Epictetus,The Enchiridion,EPUB / MOBI,Ebooksgratuits / NosLivres,https://www.gutenberg.org/ebooks/45109
179,English,Philosophy,Plato,The Republic of Plato,EPUB / MOBI,Ebooksgratuits / NosLivres,https://www.gutenberg.org/ebooks/55201
180,English,Military Strategy,active 6th century B.C. Sunzi,The Art of War,EPUB / MOBI,Ebooksgratuits / NosLivres,https://www.gutenberg.org/ebooks/132
181,English,"Gothic, Mystery & Adventure",Hesiod,"Hesiod, the Homeric Hymns, and Homerica",EPUB / AZW3,Standard Ebooks / Project Gutenberg,https://www.gutenberg.org/ebooks/1661
182,English,"Gothic, Mystery & Adventure",Gene Stratton-Porter,The Harvester,EPUB / AZW3,Standard Ebooks / Project Gutenberg,https://www.gutenberg.org/ebooks/834
183,English,"Gothic, Mystery & Adventure",Edna Ferber,Fanny Herself,EPUB / AZW3,Standard Ebooks / Project Gutenberg,https://www.gutenberg.org/ebooks/108
184,English,"Gothic, Mystery & Adventure",John McCrae,"In Flanders Fields, and Other Poems",EPUB / AZW3,Standard Ebooks / Project Gutenberg,https://www.gutenberg.org/ebooks/2852
185,English,"Gothic, Mystery & Adventure",Edna Ferber,Buttered Side Down: Stories,EPUB / AZW3,Standard Ebooks / Project Gutenberg,https://www.gutenberg.org/ebooks/244
186,English,"Gothic, Mystery & Adventure",Anna Howard Shaw,The Story of a Pioneer,EPUB / AZW3,Standard Ebooks / Project Gutenberg,https://www.gutenberg.org/ebooks/2097
187,English,"Gothic, Mystery & Adventure",Bram Stoker,Dracula,EPUB / AZW3,Standard Ebooks / Project Gutenberg,https://www.gutenberg.org/ebooks/345
188,English,"Gothic, Mystery & Adventure",Mary Wollstonecraft Shelley,"Frankenstein; or, the modern prometheus",EPUB / AZW3,Standard Ebooks / Project Gutenberg,https://standardebooks.org/ebooks/mary-shelley/frankenstein
189,English,"Gothic, Mystery & Adventure",Robert Louis Stevenson,Treasure Island,EPUB / AZW3,Standard Ebooks / Project Gutenberg,https://www.gutenberg.org/ebooks/120
190,English,"Gothic, Mystery & Adventure",Robert Louis Stevenson,The strange case of Dr. Jekyll and Mr. Hyde,EPUB / AZW3,Standard Ebooks / Project Gutenberg,https://www.gutenberg.org/ebooks/43
191,English,"Gothic, Mystery & Adventure",Robert Louis Stevenson,Kidnapped,EPUB / AZW3,Standard Ebooks / Project Gutenberg,https://www.gutenberg.org/ebooks/421
192,English,"Gothic, Mystery & Adventure",Herman Melville,"Moby Dick; Or, The Whale",EPUB / AZW3,Standard Ebooks / Project Gutenberg,https://standardebooks.org/ebooks/herman-melville/moby-dick
193,English,"Gothic, Mystery & Adventure",Herman Melville,"Bartleby, the Scrivener: A Story of Wall-Street",EPUB / AZW3,Standard Ebooks / Project Gutenberg,https://www.gutenberg.org/ebooks/11231
194,English,"Gothic, Mystery & Adventure",H. G. Wells,The Time Machine,EPUB / AZW3,Standard Ebooks / Project Gutenberg,https://www.gutenberg.org/ebooks/35
195,English,"Gothic, Mystery & Adventure",H. G. Wells,The war of the worlds,EPUB / AZW3,Standard Ebooks / Project Gutenberg,https://www.gutenberg.org/ebooks/51428
196,English,"Gothic, Mystery & Adventure",H. G. Wells,The Invisible Man: A Grotesque Romance,EPUB / AZW3,Standard Ebooks / Project Gutenberg,https://www.gutenberg.org/ebooks/204
197,English,"Gothic, Mystery & Adventure",H. G. Wells,The island of Doctor Moreau,EPUB / AZW3,Standard Ebooks / Project Gutenberg,https://www.gutenberg.org/ebooks/159
198,English,"Gothic, Mystery & Adventure",Daniel Defoe,The Life and Adventures of Robinson Crusoe,EPUB / AZW3,Standard Ebooks / Project Gutenberg,https://www.gutenberg.org/ebooks/521
199,English,"Gothic, Mystery & Adventure",Daniel Defoe,The Fortunes and Misfortunes of the Famous Moll Flanders,EPUB / AZW3,Standard Ebooks / Project Gutenberg,https://www.gutenberg.org/ebooks/26583
200,English,"Gothic, Mystery & Adventure",Jack London,The call of the wild,EPUB / AZW3,Standard Ebooks / Project Gutenberg,https://www.gutenberg.org/ebooks/215
201,English,"Gothic, Mystery & Adventure",Jack London,White Fang,EPUB / AZW3,Standard Ebooks / Project Gutenberg,https://www.gutenberg.org/ebooks/910
202,English,"Gothic, Mystery & Adventure",Jack London,The Sea-Wolf,EPUB / AZW3,Standard Ebooks / Project Gutenberg,https://www.gutenberg.org/ebooks/1074
203,English,"Gothic, Mystery & Adventure",Jack London,Martin Eden,EPUB / AZW3,Standard Ebooks / Project Gutenberg,https://www.gutenberg.org/ebooks/1056
204,English,Political Philosophy,Niccolò Machiavelli,The Prince,EPUB / AZW3,Standard Ebooks / Project Gutenberg,https://www.gutenberg.org/ebooks/1232
205,English,"Gothic, Mystery & Adventure",Wilkie Collins,The Woman in White,EPUB / AZW3,Standard Ebooks / Project Gutenberg,https://www.gutenberg.org/ebooks/583
206,English,"Gothic, Mystery & Adventure",Wilkie Collins,The Moonstone,EPUB / AZW3,Standard Ebooks / Project Gutenberg,https://www.gutenberg.org/ebooks/155
207,English,"Gothic, Mystery & Adventure",G. K. Chesterton,The innocence of Father Brown,EPUB / AZW3,Standard Ebooks / Project Gutenberg,https://www.gutenberg.org/ebooks/204
208,English,"Gothic, Mystery & Adventure",G. K. Chesterton,The Man Who Was Thursday: A Nightmare,EPUB / AZW3,Standard Ebooks / Project Gutenberg,https://www.gutenberg.org/ebooks/1695
209,English,"Gothic, Mystery & Adventure",H. Rider Haggard,King Solomon's Mines,EPUB / AZW3,Standard Ebooks / Project Gutenberg,https://www.gutenberg.org/ebooks/2166
210,English,"Gothic, Mystery & Adventure",H. Rider Haggard,She,EPUB / AZW3,Standard Ebooks / Project Gutenberg,https://www.gutenberg.org/ebooks/3155
211,English,"Gothic, Mystery & Adventure",Joseph Sheridan Le Fanu,Carmilla,EPUB / AZW3,Standard Ebooks / Project Gutenberg,https://www.gutenberg.org/ebooks/10007
212,English,"Gothic, Mystery & Adventure",Horace Walpole,The Castle of Otranto,EPUB / AZW3,Standard Ebooks / Project Gutenberg,https://www.gutenberg.org/ebooks/696
213,English,"Gothic, Mystery & Adventure",Ann Ward Radcliffe,The Mysteries of Udolpho,EPUB / AZW3,Standard Ebooks / Project Gutenberg,https://www.gutenberg.org/ebooks/3268
214,English,"Gothic, Mystery & Adventure",Edgar Rice Burroughs,Tarzan of the Apes,EPUB / AZW3,Standard Ebooks / Project Gutenberg,https://www.gutenberg.org/ebooks/78
215,English,"Gothic, Mystery & Adventure",Edgar Rice Burroughs,A princess of Mars,EPUB / AZW3,Standard Ebooks / Project Gutenberg,https://www.gutenberg.org/ebooks/62
216,English,"Romance, Society & Victorian Realism",Jane Austen,Pride and Prejudice,EPUB / AZW3,Standard Ebooks / Project Gutenberg,https://www.gutenberg.org/ebooks/1342
217,English,"Romance, Society & Victorian Realism",Jane Austen,Sense and Sensibility,EPUB / AZW3,Standard Ebooks / Project Gutenberg,https://www.gutenberg.org/ebooks/21839
218,English,"Romance, Society & Victorian Realism",Jane Austen,Emma,EPUB / AZW3,Standard Ebooks / Project Gutenberg,https://www.gutenberg.org/ebooks/158
219,English,"Romance, Society & Victorian Realism",Jane Austen,Mansfield Park,EPUB / AZW3,Standard Ebooks / Project Gutenberg,https://www.gutenberg.org/ebooks/141
220,English,"Romance, Society & Victorian Realism",Jane Austen,Persuasion,EPUB / AZW3,Standard Ebooks / Project Gutenberg,https://www.gutenberg.org/ebooks/105
221,English,"Romance, Society & Victorian Realism",Jane Austen,Northanger Abbey,EPUB / AZW3,Standard Ebooks / Project Gutenberg,https://www.gutenberg.org/ebooks/121
222,English,"Romance, Society & Victorian Realism",Charlotte Brontë,Jane Eyre: An Autobiography,EPUB / AZW3,Standard Ebooks / Project Gutenberg,https://www.gutenberg.org/ebooks/1260
223,English,"Romance, Society & Victorian Realism",Charlotte Brontë,Villette,EPUB / AZW3,Standard Ebooks / Project Gutenberg,https://www.gutenberg.org/ebooks/9182
224,English,"Romance, Society & Victorian Realism",Emily Brontë,Wuthering Heights,EPUB / AZW3,Standard Ebooks / Project Gutenberg,https://www.gutenberg.org/ebooks/768
225,English,"Romance, Society & Victorian Realism",Anne Brontë,The Tenant of Wildfell Hall,EPUB / AZW3,Standard Ebooks / Project Gutenberg,https://www.gutenberg.org/ebooks/969
226,English,"Romance, Society & Victorian Realism",Charles Dickens,Great Expectations,EPUB / AZW3,Standard Ebooks / Project Gutenberg,https://www.gutenberg.org/ebooks/1400
227,English,"Romance, Society & Victorian Realism",Charles Dickens,A Tale of Two Cities,EPUB / AZW3,Standard Ebooks / Project Gutenberg,https://www.gutenberg.org/ebooks/98
228,English,"Romance, Society & Victorian Realism",Charles Dickens,David Copperfield,EPUB / AZW3,Standard Ebooks / Project Gutenberg,https://www.gutenberg.org/ebooks/766
229,English,"Romance, Society & Victorian Realism",Charles Dickens,"Oliver Twist, Vol. 2 (of 3)",EPUB / AZW3,Standard Ebooks / Project Gutenberg,https://www.gutenberg.org/ebooks/47530
230,English,"Romance, Society & Victorian Realism",Charles Dickens,Bleak House,EPUB / AZW3,Standard Ebooks / Project Gutenberg,https://www.gutenberg.org/ebooks/1023
231,English,"Romance, Society & Victorian Realism",Charles Dickens,A Christmas Carol in Prose; Being a Ghost Story of Christmas,EPUB / AZW3,Standard Ebooks / Project Gutenberg,https://www.gutenberg.org/ebooks/46
232,English,"Romance, Society & Victorian Realism",Charles Dickens,Nicholas Nickleby,EPUB / AZW3,Standard Ebooks / Project Gutenberg,https://www.gutenberg.org/ebooks/967
233,English,"Romance, Society & Victorian Realism",George Eliot,Middlemarch,EPUB / AZW3,Standard Ebooks / Project Gutenberg,https://www.gutenberg.org/ebooks/145
234,English,"Romance, Society & Victorian Realism",George Eliot,Silas Marner,EPUB / AZW3,Standard Ebooks / Project Gutenberg,https://www.gutenberg.org/ebooks/550
235,English,"Romance, Society & Victorian Realism",George Eliot,The Mill on the Floss,EPUB / AZW3,Standard Ebooks / Project Gutenberg,https://www.gutenberg.org/ebooks/6688
236,English,"Romance, Society & Victorian Realism",Thomas Hardy,Tess of the d'Urbervilles: A Pure Woman,EPUB / AZW3,Standard Ebooks / Project Gutenberg,https://www.gutenberg.org/ebooks/110
237,English,"Romance, Society & Victorian Realism",Thomas Hardy,Far from the Madding Crowd,EPUB / AZW3,Standard Ebooks / Project Gutenberg,https://www.gutenberg.org/ebooks/107
238,English,"Romance, Society & Victorian Realism",Thomas Hardy,Jude the Obscure,EPUB / AZW3,Standard Ebooks / Project Gutenberg,https://www.gutenberg.org/ebooks/153
239,English,"Romance, Society & Victorian Realism",William Makepeace Thackeray,Vanity Fair,EPUB / AZW3,Standard Ebooks / Project Gutenberg,https://www.gutenberg.org/ebooks/599
240,English,"Romance, Society & Victorian Realism",Elizabeth Cleghorn Gaskell,North and South,EPUB / AZW3,Standard Ebooks / Project Gutenberg,https://www.gutenberg.org/ebooks/4276
241,English,"Romance, Society & Victorian Realism",Elizabeth Cleghorn Gaskell,Cranford,EPUB / AZW3,Standard Ebooks / Project Gutenberg,https://www.gutenberg.org/ebooks/394
242,English,"Romance, Society & Victorian Realism",Louisa May Alcott,"Little Women; Or, Meg, Jo, Beth, and Amy",EPUB / AZW3,Standard Ebooks / Project Gutenberg,https://www.gutenberg.org/ebooks/37106
243,English,"Romance, Society & Victorian Realism",L. M. Montgomery,Anne of Green Gables,EPUB / AZW3,Standard Ebooks / Project Gutenberg,https://www.gutenberg.org/ebooks/45
244,English,"Romance, Society & Victorian Realism",Frances Hodgson Burnett,The Secret Garden,EPUB / AZW3,Standard Ebooks / Project Gutenberg,https://www.gutenberg.org/ebooks/113
245,English,"Romance, Society & Victorian Realism",Frances Hodgson Burnett,A Little Princess / Being the whole story of Sara Crewe now told for the first time,EPUB / AZW3,Standard Ebooks / Project Gutenberg,https://www.gutenberg.org/ebooks/146
246,English,"Romance, Society & Victorian Realism",Edith Wharton,Age of Innocence,EPUB / AZW3,Standard Ebooks / Project Gutenberg,https://www.gutenberg.org/ebooks/26458
247,English,"Romance, Society & Victorian Realism",Edith Wharton,The House of Mirth,EPUB / AZW3,Standard Ebooks / Project Gutenberg,https://www.gutenberg.org/ebooks/284
248,English,"Romance, Society & Victorian Realism",Edith Wharton,Ethan Frome,EPUB / AZW3,Standard Ebooks / Project Gutenberg,https://www.gutenberg.org/ebooks/4517
249,English,"Romance, Society & Victorian Realism",Henry James,The Portrait of a Lady — Volume 1,EPUB / AZW3,Standard Ebooks / Project Gutenberg,https://www.gutenberg.org/ebooks/2833
250,English,"Romance, Society & Victorian Realism",Henry James,The Turn of the Screw,EPUB / AZW3,Standard Ebooks / Project Gutenberg,https://www.gutenberg.org/ebooks/209
251,English,"Romance, Society & Victorian Realism",Henry James,Daisy Miller: A Study,EPUB / AZW3,Standard Ebooks / Project Gutenberg,https://www.gutenberg.org/ebooks/208
252,English,"Romance, Society & Victorian Realism",Anthony Trollope,Barchester Towers,EPUB / AZW3,Standard Ebooks / Project Gutenberg,https://www.gutenberg.org/ebooks/28811
253,English,"Romance, Society & Victorian Realism",E. M. Forster,A Room with a View,EPUB / AZW3,Standard Ebooks / Project Gutenberg,https://www.gutenberg.org/ebooks/2641
254,English,"Romance, Society & Victorian Realism",E. M. Forster,Howards End,EPUB / AZW3,Standard Ebooks / Project Gutenberg,https://www.gutenberg.org/ebooks/2891
255,English,"Romance, Society & Victorian Realism",Kate Chopin,"The Awakening, and Selected Short Stories",EPUB / AZW3,Standard Ebooks / Project Gutenberg,https://www.gutenberg.org/ebooks/160
256,English,"Romance, Society & Victorian Realism",Willa Cather,My Ántonia,EPUB / AZW3,Standard Ebooks / Project Gutenberg,https://www.gutenberg.org/ebooks/242
257,English,"Romance, Society & Victorian Realism",W. Somerset Maugham,Of Human Bondage,EPUB / AZW3,Standard Ebooks / Project Gutenberg,https://www.gutenberg.org/ebooks/351
258,English,"Romance, Society & Victorian Realism",W. Somerset Maugham,The Moon and Sixpence,EPUB / AZW3,Standard Ebooks / Project Gutenberg,https://www.gutenberg.org/ebooks/222
259,English,"Romance, Society & Victorian Realism",Arthur Conan Doyle,The Parasite: A Story,EPUB / AZW3,Standard Ebooks / Project Gutenberg,https://www.gutenberg.org/ebooks/543
260,English,"Romance, Society & Victorian Realism",Arthur Conan Doyle,Beyond the City,EPUB / AZW3,Standard Ebooks / Project Gutenberg,https://www.gutenberg.org/ebooks/1156
261,English,"Satire, Modernism, Drama & Philosophy",Richard Harding Davis,The Scarlet Car,EPUB / AZW3,Standard Ebooks / Project Gutenberg,https://www.gutenberg.org/ebooks/174
262,English,"Satire, Modernism, Drama & Philosophy",William Morris,"A Dream of John Ball; and, A King's Lesson",EPUB / AZW3,Standard Ebooks / Project Gutenberg,https://www.gutenberg.org/ebooks/844
263,English,"Satire, Modernism, Drama & Philosophy",Frances Jenkins Olcott,Good Stories for Great Holidays / Arranged for Story-Telling and Reading Aloud and for the Children's Own Reading,EPUB / AZW3,Standard Ebooks / Project Gutenberg,https://www.gutenberg.org/ebooks/921
264,English,"Satire, Modernism, Drama & Philosophy",P.-J. Proudhon,What is Property? An Inquiry into the Principle of Right and of Government,EPUB / AZW3,Standard Ebooks / Project Gutenberg,https://www.gutenberg.org/ebooks/64317
265,English,"Satire, Modernism, Drama & Philosophy",Eleanor H. Porter,Miss Billy's Decision,EPUB / AZW3,Standard Ebooks / Project Gutenberg,https://www.gutenberg.org/ebooks/805
266,English,"Satire, Modernism, Drama & Philosophy",Eleanor H. Porter,Miss Billy — Married,EPUB / AZW3,Standard Ebooks / Project Gutenberg,https://www.gutenberg.org/ebooks/76
267,English,"Satire, Modernism, Drama & Philosophy",Edgar Rice Burroughs,The Oakdale Affair,EPUB / AZW3,Standard Ebooks / Project Gutenberg,https://www.gutenberg.org/ebooks/74
268,English,"Satire, Modernism, Drama & Philosophy",Mary Austin,The Land of Little Rain,EPUB / AZW3,Standard Ebooks / Project Gutenberg,https://www.gutenberg.org/ebooks/86
269,English,"Satire, Modernism, Drama & Philosophy",Edgar Rice Burroughs,The Mad King,EPUB / AZW3,Standard Ebooks / Project Gutenberg,https://www.gutenberg.org/ebooks/25344
270,English,"Satire, Modernism, Drama & Philosophy",Sarah Orne Jewett,The Country of the Pointed Firs,EPUB / AZW3,Standard Ebooks / Project Gutenberg,https://www.gutenberg.org/ebooks/77
271,English,"Satire, Modernism, Drama & Philosophy",Russell H. Conwell,Acres of Diamonds: Our Every-day Opportunities,EPUB / AZW3,Standard Ebooks / Project Gutenberg,https://www.gutenberg.org/ebooks/17157
272,English,"Satire, Modernism, Drama & Philosophy",Mary Roberts Rinehart,Bab: A Sub-Deb,EPUB / AZW3,Standard Ebooks / Project Gutenberg,https://www.gutenberg.org/ebooks/1079
273,English,"Satire, Modernism, Drama & Philosophy",Henry B. Wheatley,"Literary Blunders: A Chapter in the ""History of Human Error""",EPUB / AZW3,Standard Ebooks / Project Gutenberg,https://www.gutenberg.org/ebooks/219
274,English,"Satire, Modernism, Drama & Philosophy",Joseph Conrad,Lord Jim,EPUB / AZW3,Standard Ebooks / Project Gutenberg,https://www.gutenberg.org/ebooks/5658
275,English,"Satire, Modernism, Drama & Philosophy",Edgar Rice Burroughs,The outlaw of Torn,EPUB / AZW3,Standard Ebooks / Project Gutenberg,https://www.gutenberg.org/ebooks/974
276,English,"Satire, Modernism, Drama & Philosophy",Daniel Defoe,The Fortunes and Misfortunes of the Famous Moll Flanders,EPUB / AZW3,Standard Ebooks / Project Gutenberg,https://www.gutenberg.org/ebooks/71865
277,English,Modernist Literature,Ambrose Bierce,An Occurrence at Owl Creek Bridge,EPUB / AZW3,Standard Ebooks / Project Gutenberg,https://www.gutenberg.org/ebooks/805
278,English,"Satire, Modernism, Drama & Philosophy",Lodovico Ariosto,Orlando Furioso,EPUB / AZW3,Standard Ebooks / Project Gutenberg,https://www.gutenberg.org/ebooks/615
279,English,"Satire, Modernism, Drama & Philosophy",Ambrose Bierce,Fantastic Fables,EPUB / AZW3,Standard Ebooks / Project Gutenberg,https://www.gutenberg.org/ebooks/2814
280,English,"Satire, Modernism, Drama & Philosophy",Nettie Garmer Barker,Kansas Women in Literature,EPUB / AZW3,Standard Ebooks / Project Gutenberg,https://www.gutenberg.org/ebooks/4217
281,English,"Satire, Modernism, Drama & Philosophy",Edward Stratemeyer,"The Rover Boys in Business; Or, The Search for the Missing Bonds",EPUB / AZW3,Standard Ebooks / Project Gutenberg,https://www.gutenberg.org/ebooks/5002
282,English,"Satire, Modernism, Drama & Philosophy",Edward Stratemeyer,"The Rover Boys in New York; Or, Saving Their Father's Honor",EPUB / AZW3,Standard Ebooks / Project Gutenberg,https://www.gutenberg.org/ebooks/5003
283,English,"Satire, Modernism, Drama & Philosophy",Robert Louis Stevenson,"Prince Otto, a Romance",EPUB / AZW3,Standard Ebooks / Project Gutenberg,https://www.gutenberg.org/ebooks/372
284,English,"Satire, Modernism, Drama & Philosophy",Robert Louis Stevenson,"Lay Morals, and Other Papers",EPUB / AZW3,Standard Ebooks / Project Gutenberg,https://www.gutenberg.org/ebooks/373
285,English,"Satire, Modernism, Drama & Philosophy",Daniel Defoe,"A Journal of the Plague Year / Being Observations or Memorials of the Most Remarkable Occurrences, as Well Public as Private, Which Happened in London During the Last Great Visitation in 1665. Written by a Citizen Who Continued All the While in London",EPUB / AZW3,Standard Ebooks / Project Gutenberg,https://www.gutenberg.org/ebooks/376
286,English,"Satire, Modernism, Drama & Philosophy",William Shakespeare,Macbeth,EPUB / AZW3,Standard Ebooks / Project Gutenberg,https://www.gutenberg.org/ebooks/1533
287,English,"Satire, Modernism, Drama & Philosophy",Robert Louis Stevenson,Weir of Hermiston: An Unfinished Romance,EPUB / AZW3,Standard Ebooks / Project Gutenberg,https://www.gutenberg.org/ebooks/380
288,English,"Satire, Modernism, Drama & Philosophy",Eliot Gregory,Worldly Ways &amp; Byways,EPUB / AZW3,Standard Ebooks / Project Gutenberg,https://www.gutenberg.org/ebooks/379
289,English,"Satire, Modernism, Drama & Philosophy",William Shakespeare,The Tempest,EPUB / AZW3,Standard Ebooks / Project Gutenberg,https://www.gutenberg.org/ebooks/1540
290,English,"Satire, Modernism, Drama & Philosophy",Joanot Martorell,The White Knight: Tirant Lo Blanc,EPUB / AZW3,Standard Ebooks / Project Gutenberg,https://www.gutenberg.org/ebooks/378
291,English,"Satire, Modernism, Drama & Philosophy",Robert Louis Stevenson,Memories and Portraits,EPUB / AZW3,Standard Ebooks / Project Gutenberg,https://www.gutenberg.org/ebooks/381
292,English,"Satire, Modernism, Drama & Philosophy",Robert Louis Stevenson,Edinburgh: Picturesque Notes,EPUB / AZW3,Standard Ebooks / Project Gutenberg,https://www.gutenberg.org/ebooks/382
293,English,"Satire, Modernism, Drama & Philosophy",Oliver Goldsmith,"She Stoops to Conquer; Or, The Mistakes of a Night: A Comedy",EPUB / AZW3,Standard Ebooks / Project Gutenberg,https://www.gutenberg.org/ebooks/383
294,English,"Satire, Modernism, Drama & Philosophy",Zane Grey,"The Redheaded Outfield, and Other Baseball Stories",EPUB / AZW3,Standard Ebooks / Project Gutenberg,https://www.gutenberg.org/ebooks/385
295,English,"Satire, Modernism, Drama & Philosophy",Frances Hodgson Burnett,The Lost Prince,EPUB / AZW3,Standard Ebooks / Project Gutenberg,https://www.gutenberg.org/ebooks/384
296,English,"Satire, Modernism, Drama & Philosophy",Robert Louis Stevenson,"Virginibus Puerisque, and Other Papers",EPUB / AZW3,Standard Ebooks / Project Gutenberg,https://www.gutenberg.org/ebooks/386
297,English,"Satire, Modernism, Drama & Philosophy",Saint Thomas More,Utopia,EPUB / AZW3,Standard Ebooks / Project Gutenberg,https://www.gutenberg.org/ebooks/2130
298,English,"Satire, Modernism, Drama & Philosophy",John Locke,Second Treatise of Government,EPUB / AZW3,Standard Ebooks / Project Gutenberg,https://www.gutenberg.org/ebooks/7370
299,English,"Satire, Modernism, Drama & Philosophy",Adam Smith,An Inquiry into the Nature and Causes of the Wealth of Nations,EPUB / AZW3,Standard Ebooks / Project Gutenberg,https://www.gutenberg.org/ebooks/5000
300,English,"Satire, Modernism, Drama & Philosophy",Charles Darwin,"On the Origin of Species By Means of Natural Selection / Or, the Preservation of Favoured Races in the Struggle for Life",EPUB / AZW3,Standard Ebooks / Project Gutenberg,https://www.gutenberg.org/ebooks/5001
